"","Age","Pitches","IP","G","P_per_IP_accel_2","prior_injury","sinkers_cutters_percent","prior_injury_last_2","P_per_IP","pitches_per_bat","Pitches_accel_2","G_accel_2","IP_accel_2","tj","sinkers_cutters_percent_accel_2","other_pitch_types_percent_accel_2","other_pitch_types_w_accel_2","years_since_tj","other_pitch_types_X_accel_2","other_pitch_types_Z_accel_2","SO_G_accel_2","ws_pitcher","walk_rate","walk_rate_accel_2","wild_pitch_rate","wild_pitch_rate_accel_2","FA...pi.","FC...pi.","SI...pi.","FA.X..pi.","FC.X..pi.","SI.X..pi.","FA.Z..pi.","FC.Z..pi.","SI.Z..pi.","wFA..pi.","wFC..pi.","wSI..pi.","FA...pi._accel_2","FC...pi._accel_2","SI...pi._accel_2","FA.X..pi._accel_2","FC.X..pi._accel_2","SI.X..pi._accel_2","FA.Z..pi._accel_2","FC.Z..pi._accel_2","SI.Z..pi._accel_2","win_rec","wFA..pi._accel_2","wSI..pi._accel_2","wFC..pi._accel_2","vFA..pi.","vFC..pi.","vSI..pi.","vFC..pi._accel_2","vFA..pi._accel_2","vSI..pi._accel_2","SL...pi.","SL...pi._accel_2","SL.X..pi.","SL.X..pi._accel_2","SL.Z..pi.","SL.Z..pi._accel_2","vSL..pi.","vSL..pi._accel_2","wSL..pi.","wSL..pi._accel_2"
"Age","1","","","","","","","","","","","","","","","","","","","","","","","","","","","","","","","","","","","","","","","","","","","","","","","","","","","","","","","","","","","","","","","","","",""
"Pitches","-0.0262630340675265","1","","","","","","","","","","","","","","","","","","","","","","","","","","","","","","","","","","","","","","","","","","","","","","","","","","","","","","","","","","","","","","","","",""
"IP","-0.0212177104177109","0.994553135934623","1","","","","","","","","","","","","","","","","","","","","","","","","","","","","","","","","","","","","","","","","","","","","","","","","","","","","","","","","","","","","","","","",""
"G","0.0833328380017742","-0.0596131842360477","-0.0553389377615571","1","","","","","","","","","","","","","","","","","","","","","","","","","","","","","","","","","","","","","","","","","","","","","","","","","","","","","","","","","","","","","","",""
"P_per_IP_accel_2","0.112658659974054","-0.0372675996270376","-0.0649384795693862","-0.115890794774125","1","","","","","","","","","","","","","","","","","","","","","","","","","","","","","","","","","","","","","","","","","","","","","","","","","","","","","","","","","","","","","",""
"prior_injury","0.00910576538210122","0.0388868586199437","0.0307357202177881","-0.0513634928126744","0.107611121269684","1","","","","","","","","","","","","","","","","","","","","","","","","","","","","","","","","","","","","","","","","","","","","","","","","","","","","","","","","","","","","",""
"sinkers_cutters_percent","0.174297982501469","0.0441761906834768","0.0671465235460312","0.0156166884641542","0.00731067624634811","-0.0384468584141118","1","","","","","","","","","","","","","","","","","","","","","","","","","","","","","","","","","","","","","","","","","","","","","","","","","","","","","","","","","","","",""
"prior_injury_last_2","0.00590039088668659","0.0274178439209013","0.0199554147049558","-0.0332960737059044","0.0951771777148398","0.869038559059826","-0.0363564909771434","1","","","","","","","","","","","","","","","","","","","","","","","","","","","","","","","","","","","","","","","","","","","","","","","","","","","","","","","","","","",""
"P_per_IP","-0.03512209024495","-0.232424374086929","-0.306205313636066","-0.157571243708108","0.400655210497665","0.0315724736818328","-0.248962448938461","0.0345374447130192","1","","","","","","","","","","","","","","","","","","","","","","","","","","","","","","","","","","","","","","","","","","","","","","","","","","","","","","","","","",""
"pitches_per_bat","-0.0744526421593484","-0.0580671221464575","-0.116118433378927","0.169575359113171","0.156711930012372","0.0174771485031106","-0.379805251341114","0.0176593959423973","0.63889762088116","1","","","","","","","","","","","","","","","","","","","","","","","","","","","","","","","","","","","","","","","","","","","","","","","","","","","","","","","","",""
"Pitches_accel_2","-0.222861040038009","0.423240059921103","0.421086901320273","0.261784700386435","-0.27421607984797","0.0171426081276738","-0.0229014474479841","-0.0119666830566109","-0.140831585156767","0.0295480179456587","1","","","","","","","","","","","","","","","","","","","","","","","","","","","","","","","","","","","","","","","","","","","","","","","","","","","","","","","",""
"G_accel_2","-0.216279149902472","0.161924251258479","0.162326142916815","0.508291615595458","-0.317142841331682","-0.00645893818359527","-0.00995963736728209","-0.0205142875647357","-0.153129080096641","0.041373927858888","0.553938846528112","1","","","","","","","","","","","","","","","","","","","","","","","","","","","","","","","","","","","","","","","","","","","","","","","","","","","","","","",""
"IP_accel_2","-0.226383943712394","0.412320493004543","0.417382764064803","0.267645475894526","-0.323435655179047","0.00273737915663004","-0.0174430664658572","-0.0237119496658899","-0.185129025261508","0.00391513031526822","0.993036787050853","0.554120601810618","1","","","","","","","","","","","","","","","","","","","","","","","","","","","","","","","","","","","","","","","","","","","","","","","","","","","","","",""
"tj","0.176843787040479","0.00547969547186423","0.0099399071865262","-0.0963690906072561","-0.00739120569388641","0.0838612199723084","-0.0108065614538178","0.073026234946524","-0.0203117371577805","-0.0362458857754809","-0.0164643797471947","-0.0294946206467559","-0.0170137936448275","1","","","","","","","","","","","","","","","","","","","","","","","","","","","","","","","","","","","","","","","","","","","","","","","","","","","","",""
"sinkers_cutters_percent_accel_2","-0.00525644375401037","0.0199194287815351","0.0272428059648405","-0.0114671449471984","-0.121901412078445","-0.0312694608516255","0.317848294481103","-0.0272267764775282","-0.0839120231417071","-0.162714849088644","0.0640475843797352","0.0596811616874105","0.0798467494171659","-0.022083542909543","1","","","","","","","","","","","","","","","","","","","","","","","","","","","","","","","","","","","","","","","","","","","","","","","","","","","",""
"other_pitch_types_percent_accel_2","-0.0438421992251934","0.00334181699627603","-0.00442184198909717","0.00964985299765753","-0.00803542619358037","0.0228856148482041","-0.241244528647599","0.0343265982948553","0.0855909848981285","0.123155279392272","0.0557264502063766","0.000804256652557648","0.0422983018345642","-0.028898680666467","-0.417610505794118","1","","","","","","","","","","","","","","","","","","","","","","","","","","","","","","","","","","","","","","","","","","","","","","","","","","",""
"other_pitch_types_w_accel_2","-0.135284412178399","0.0765860618305036","0.0977344361596375","0.121338694793504","-0.251811657638295","-0.0121035656481182","-0.033636706457527","-0.020688523722304","-0.175376162552042","0.0490456758737115","0.230693250912894","0.235226065754713","0.269345352965311","-0.0244105975196158","-0.076529160981865","0.196850880955188","1","","","","","","","","","","","","","","","","","","","","","","","","","","","","","","","","","","","","","","","","","","","","","","","","","",""
"years_since_tj","0.244795733275969","0.0429862912871749","0.0434811490359038","0.00406683662130712","0.00767952989258067","0.0352531561148805","0.00334337739030255","0.0243748278741993","0.00269128273878721","-0.00627905465178483","0.00614015690982143","-0.00767096745831133","0.00301072353744243","0.779583647636509","-0.0175043215026745","-0.01674340165685","-0.0387203373401208","1","","","","","","","","","","","","","","","","","","","","","","","","","","","","","","","","","","","","","","","","","","","","","","","","",""
"other_pitch_types_X_accel_2","-0.0399925529326027","-0.0251568992686844","-0.0220759567321422","0.0386597836432851","0.00211198646364898","-0.0230705770618118","-0.0193154424110229","-0.0111699980796697","0.0072608277175029","0.0253584094360231","-0.00191944758708184","0.00901856718977026","-0.00116703643055853","0.0140490588337811","-0.0476812431823477","0.0268028581231814","-0.0140510648926845","0.0107193684742564","1","","","","","","","","","","","","","","","","","","","","","","","","","","","","","","","","","","","","","","","","","","","","","","","",""
"other_pitch_types_Z_accel_2","0.0135016768463707","0.0492834328113355","0.0459246838018709","0.00330304654247704","0.0217153655066643","0.0796329837935366","-0.0151181122463372","0.0871909340584087","0.0278342333252239","0.0301034462147644","0.0592872108134942","0.0387303011982674","0.0521478883428478","-0.0162430300826432","-0.020356210095119","0.0297059843726203","-0.00381777249180783","-0.00107779048099746","-0.16956859420764","1","","","","","","","","","","","","","","","","","","","","","","","","","","","","","","","","","","","","","","","","","","","","","","",""
"SO_G_accel_2","-0.119283775530054","0.255322220542262","0.259137425323914","-0.0403492202944178","-0.202574574208589","-0.0210828824712361","-0.0278932887813158","-0.0360310882311157","-0.085058355260048","0.0572523719674175","0.512652888323694","-0.0564176680315927","0.51536847571365","-0.000363144319851304","-0.027583516821725","0.115454609280995","0.230847251011188","-0.00267799517455143","0.0175067548525141","-0.0361953915211447","1","","","","","","","","","","","","","","","","","","","","","","","","","","","","","","","","","","","","","","","","","","","","","",""
"ws_pitcher","0.0374323107983365","0.0445809831701397","0.0538993688499664","0.0347269492132336","-0.00535347219051225","-0.0646428930363868","0.038447105418461","-0.0499573116552161","-0.0807866577657193","-0.0302267500574704","-0.0148760896608673","0.00530222683727789","-0.008406239788381","0.0464288217895061","0.036633828976128","-0.0160891247381389","0.0211380732417566","0.0262829867739578","0.0307069958723362","-0.0328650178489451","-0.0305426859234562","1","","","","","","","","","","","","","","","","","","","","","","","","","","","","","","","","","","","","","","","","","","","","",""
"walk_rate","-0.0963799166014922","-0.183820889691881","-0.233827051844079","-0.0817796248103175","0.195956890927146","0.0230501794653841","-0.164351487586629","0.0312493458483751","0.640458041627884","0.426654521073916","-0.0472455131007257","-0.0449122962919585","-0.0721042441874927","-0.0145947317739652","-0.0181383603951078","0.0641392966364118","-0.0666478457568139","0.00340927265153424","-0.0306007404686643","0.0159095617671473","-0.0531198006436838","-0.0227285756435489","1","","","","","","","","","","","","","","","","","","","","","","","","","","","","","","","","","","","","","","","","","","","",""
"walk_rate_accel_2","0.0983262402190059","-0.0319480742910938","-0.0544487673792779","-0.107540695178701","0.540666455502499","0.131336643700251","-0.00434121130760288","0.122268503879556","0.30062920753478","0.12509889535546","-0.173020953509951","-0.23628800781978","-0.210151174288557","0.0133993485012641","-0.083469047044147","0.0157210306836245","-0.140147659247919","0.0205653466026","-0.0178470964027045","0.00947893283634286","-0.0985534703583605","0.00961159122441752","0.46398009298589","1","","","","","","","","","","","","","","","","","","","","","","","","","","","","","","","","","","","","","","","","","","",""
"wild_pitch_rate","-0.10208475920563","-0.185766114114545","-0.192418675859239","0.0998944773503715","-0.0132825305489539","-0.00760874941563037","-0.0912748023999334","0.00725791713150789","0.124663803253387","0.0772383679915489","-0.0162599240417751","0.029175975666521","-0.0151682442955166","0.0241769121731994","0.0408911923438089","0.0547193061945034","0.0075043718075609","0.00134206949200711","0.0283054610834391","-0.0274981063301911","-0.0287546652426372","-0.00370487904247151","0.22542677064114","0.0383780466417244","1","","","","","","","","","","","","","","","","","","","","","","","","","","","","","","","","","","","","","","","","","",""
"wild_pitch_rate_accel_2","-0.00574395753424334","-0.0565287812427436","-0.0598560614432423","0.00955248868916521","0.0437744540196331","-0.0279449889236986","-0.0492595616693123","-0.0221878582838889","0.0746771447171672","0.0261240641545781","-0.058917271334901","0.00461201520991292","-0.0646636125325195","-0.00803122964631257","-0.00419826078299364","0.0540127619959721","-0.0115439987665682","-0.0036733848918094","0.0222225360400303","0.00831319486654627","-0.0807417639572353","-0.00714266927510004","0.0696633747827887","0.0939569201900189","0.576090759805826","1","","","","","","","","","","","","","","","","","","","","","","","","","","","","","","","","","","","","","","","","",""
"FA...pi.","-0.224227881071336","-0.0752603612027135","-0.0973142721988158","0.0280558651976344","-0.0199022217501497","0.0201449711429529","-0.854906419958205","0.0247566500736215","0.248184187311233","0.38139312444388","0.0396774474701235","0.0422066915504962","0.0397262741473788","-0.0129288047274555","-0.223695377247124","0.00874663457817203","0.015504333750058","-0.0382551643581924","0.0286572910556567","-0.0011147797281326","0.0126429876813251","-0.0233556998693403","0.150905729272556","-0.0208182418338323","0.0681492444642993","0.0471075439495051","1","","","","","","","","","","","","","","","","","","","","","","","","","","","","","","","","","","","","","","","",""
"FC...pi.","0.0668509793981105","0.0232291467593532","0.0312969054345574","0.0417581753993424","-0.00912772187215973","-0.0183755923843743","0.489559612575362","-0.00259688435173634","-0.080727518261104","-0.041115338327603","-0.0268024016417021","0.00128794897872935","-0.0205278671407792","-0.0367636484420452","0.144797308264071","-0.182998866039402","-0.010269958252819","-0.0387939393581523","0.0445288095625437","-0.0107088432565945","-0.0283729918340706","0.0320952112055145","-0.11778763900684","-0.00499460041595333","-0.0985956383848968","-0.0491076005986952","-0.271858684855678","1","","","","","","","","","","","","","","","","","","","","","","","","","","","","","","","","","","","","","","",""
"SI...pi.","0.150503735556554","0.0337142714891946","0.0540721746650182","-0.0117311563912215","0.0147242199134869","-0.0306395669129325","0.788746878864484","-0.0393929680030144","-0.225381263021076","-0.401666273847701","-0.00707231538020949","-0.0122009557195425","-0.00530659304234419","0.0136642149218604","0.258321502333456","-0.144531225218648","-0.0308997370999048","0.0311397815366824","-0.0532930519754094","-0.00959256566103842","-0.0116252096770703","0.0209678400819828","-0.103316514558011","-0.0014013150306817","-0.0339866071601589","-0.0212344797826358","-0.777702927319201","-0.149877034379746","1","","","","","","","","","","","","","","","","","","","","","","","","","","","","","","","","","","","","","",""
"FA.X..pi.","-0.0167793169200618","-0.0361232129630436","-0.0396777960721821","0.0163303700030071","-0.00289295389150136","-0.0386268008689416","0.0229815396944336","-0.018445486788407","0.0344993028165866","0.0163397827009044","-0.0327569443074416","-0.0113722049063441","-0.0330167239832038","-0.0389734901558901","-0.0181718875332387","0.0389203835867983","0.000910703647113546","-0.0221110774416682","0.0181953314246048","-0.047256047098788","0.006833541985273","-0.0286284680654186","0.0203931960652469","-0.0293477388411723","-0.0100375656393409","0.00944910687731463","-0.0224489768065665","0.024272702927317","0.00894650774790966","1","","","","","","","","","","","","","","","","","","","","","","","","","","","","","","","","","","","","",""
"FC.X..pi.","0.00842899189476424","0.0549523279296069","0.0519654331682718","0.00878341050636218","-7.10413660201298e-05","0.0198214764623684","0.15487025410015","0.0276553505627711","-0.0252942732907476","-0.0156507306251426","0.00692220095448083","0.00875357430539935","0.00866909714218487","-0.0242032959076228","0.0581865116641731","-0.129764967126274","-0.0264512494165576","-0.0410986233065854","0.0613933789794083","-0.0187425158470176","-0.00839213170805641","0.0356534190686336","-0.065471132402305","-0.0174031901900913","-0.0527498750391267","-0.0441482237208834","-0.0496055227949449","0.338107574695329","-0.06275436321089","0.164284948573169","1","","","","","","","","","","","","","","","","","","","","","","","","","","","","","","","","","","","",""
"SI.X..pi.","-0.0323747622090887","-0.083015477859493","-0.0892787237941254","0.0278437240301432","-0.0240694398125045","-0.0557511722600685","-0.0973998787926064","-0.033459991498149","0.0859931831213048","0.0909997540616471","-0.0296294882879386","-0.00617973096804451","-0.0283169541076983","-0.0161533978900263","-0.0378727312080262","0.0417557270870437","0.00172317053255146","0.00327498169889023","-0.00490763086051762","-0.0663278048002582","0.00770723949507605","-0.0485754918553998","0.0789132018803558","0.0104721855313439","0.0228803960539989","0.0118693033287946","0.0887627178122015","-0.0377436064198727","-0.0838309209635725","0.772399035869722","0.0830771359021562","1","","","","","","","","","","","","","","","","","","","","","","","","","","","","","","","","","","",""
"FA.Z..pi.","-0.0837114066079052","0.150880585071406","0.135022600128161","-0.0892848527693712","-0.0398944569910137","0.0143287433071259","-0.485260768038231","0.0153721870839213","0.10584534427367","0.152381869695597","0.0290014908256404","0.0305275726254794","0.0253066786033055","-0.0504641040816779","-0.0200281698367578","0.0393562177162539","-0.0102518831935348","-0.0371327525742239","0.0160704647873393","0.0256982490737733","-0.000151038104452833","0.0335690914555727","0.0795956359135842","-0.026944562395111","0.0191768906322346","0.0487522334482087","0.51596462138711","-0.234030410270022","-0.385239065327742","-0.0144507827117238","0.0193253791691014","0.0081457437832527","1","","","","","","","","","","","","","","","","","","","","","","","","","","","","","","","","","",""
"FC.Z..pi.","0.0614101424714636","0.207389584689323","0.205282937485177","-0.0755376442169448","-0.00177898932869534","-0.00509656892009498","0.284881314067109","0.00311336138687571","-0.06080350987906","-0.0424912148949997","0.000343114062904208","-0.0228846916185363","0.00203890860991355","-0.0638469969924206","0.0815026304155705","-0.129962220642708","-0.034195380082282","-0.048954772517144","0.0344492278730941","0.0306223207647777","-0.0247819744118238","0.0603108630889042","-0.108669102942041","-0.00436584409960677","-0.143466633249293","-0.0327767149477478","-0.136715060940596","0.607445058233509","-0.105214652606704","0.0438463068867104","0.264874592466006","-0.0162425360154407","0.0325897200872386","1","","","","","","","","","","","","","","","","","","","","","","","","","","","","","","","","",""
"SI.Z..pi.","0.00782759388001516","0.224856261776368","0.220007382139197","-0.149187345116017","-0.0100140262527832","-0.026728750494109","0.267893490642672","-0.0108811864887445","-0.059040185238273","-0.137511173962614","-0.0389890790793525","-0.0199777893590099","-0.0426638462875421","-0.0245191380388782","0.127878510073957","-0.0693640802800012","-0.0581159178578309","-0.00143764180752531","-0.0135156391185592","0.031485092251693","-0.0503877670151808","0.0250321617254991","-0.0524670199473556","-0.0275204177952036","-0.0738486839965093","-0.0103737261635354","-0.29318508615148","0.0219243490400722","0.288301538787729","0.121399186466194","0.0944887540721976","-0.0785688474036186","0.182747894140415","0.142768595142295","1","","","","","","","","","","","","","","","","","","","","","","","","","","","","","","","",""
"wFA..pi.","-0.0597992031751391","0.0918160960577105","0.111837486762907","0.213738546610502","-0.133711337484072","-0.0273884249495563","-0.103152816205012","-0.0135541301960208","-0.217192159084357","0.167634793314657","0.0777984314382788","0.0834972322214368","0.104734336998474","-0.0578938048589438","-0.0221254363871929","-0.0747207274870636","0.0652018496047168","-0.0369553367262495","0.0430195974022438","-0.00710234381544185","0.106632216025824","0.00860488701665866","-0.126211263668995","-0.104223299221192","-0.043740662105252","-0.0134282562331473","0.199498262313648","-0.00506965337482757","-0.113388396304848","0.030365983683458","0.00648784957310395","0.0632837163862764","0.0546937893929205","0.001568564618677","-0.0926527665607578","1","","","","","","","","","","","","","","","","","","","","","","","","","","","","","","",""
"wFC..pi.","-0.00211381848370088","0.0479060494137804","0.0703448308198173","0.119696619322034","-0.0714897108908472","-0.0655694133768987","0.183468207788945","-0.0389161119152675","-0.174917572449956","-0.00160694663631027","0.0277644225475886","0.0541023059393017","0.0424649656249128","-0.0315592095588771","0.0367512834250618","-0.0736416109495426","0.0396576145960449","-0.0303360096616518","0.0378297276476726","-0.0155578143010217","0.0235041322059138","0.0520491815288255","-0.102589806770289","-0.0364599372128611","-0.0368035381831711","-0.0158763666765852","-0.0947362224565818","0.373139419741258","-0.0550244858132082","-0.00873298004319383","0.149189402475251","-0.0414358052379246","-0.109345520412649","0.0919051491764266","0.00265667730600231","0.0523882294090633","1","","","","","","","","","","","","","","","","","","","","","","","","","","","","","",""
"wSI..pi.","-0.0772474197117246","-0.0300192696675569","0.00364883431896895","0.179157214632416","-0.143559680786934","0.00440210360791133","0.0945442455130768","-0.0111719987661947","-0.243568228692316","-0.0162553966076689","0.092188558700316","0.116163909854654","0.124021152471443","-0.0497993154614197","0.0967331742292196","-0.116068793320108","0.0600849449037286","-0.0525422884392409","-0.0187431729915287","0.0325065807207806","0.0648581729132615","0.0793607412310422","-0.129467980722957","-0.101045064218525","0.00843230099746317","-0.0151735971125689","-0.0281000756358671","-0.0175979553998612","0.119607482931064","0.00464350651012953","0.00747933624299178","0.03017783974233","-0.0735994520044927","-0.00793201356892845","-0.0994103776242351","0.0513411957191545","-0.032019015456426","1","","","","","","","","","","","","","","","","","","","","","","","","","","","","",""
"FA...pi._accel_2","0.0262243021611382","-0.0381789364231864","-0.0408067483116278","-0.00757604690659067","0.135509819204485","0.00802600992539837","-0.174030041760497","-0.00178143883916068","0.0472297366848039","0.0975461671987558","-0.104197100826457","-0.0589931678905401","-0.112307243599721","0.0379230032567626","-0.778260046367552","-0.149229062963762","-0.0471720568132999","0.0248208119740701","0.0333082324711821","0.00255644686686945","-0.0488883921381991","-0.0355034753863478","-0.0139204747426444","0.0563082912361247","-0.0663223228369493","-0.0149544966598536","0.223072143103199","-0.0306137079488323","-0.175746343926524","0.0120661956538215","0.00375125971488179","0.0229372473621247","-0.050027086351474","-0.0126741854796987","-0.107230831473657","0.0682574730735948","-0.000808348360868261","-0.0247719883324776","1","","","","","","","","","","","","","","","","","","","","","","","","","","","",""
"FC...pi._accel_2","-0.00506673617208548","0.00579485811566407","0.00780595157878509","0.014079155693308","-0.067643140553552","0.0286694584251524","0.152904620708042","0.0276167792343372","-0.0496452714313074","-0.0711072803285966","0.031254492578795","0.0653669538600712","0.0398764843579163","0.00964652281675369","0.430303597069235","-0.372893145598449","0.013885369548759","0.000363280355243647","-0.00144877650375405","-0.058960126084751","-0.02815227089341","0.0184603408360122","-0.00334314653084732","-0.00636653455318715","0.0319142215044645","0.0152846700242347","-0.0450088042010179","0.324819704642734","-0.0556155112130512","-0.036331732938799","0.136332716762148","-0.0311293709375733","0.0365738901758413","0.13662113134374","0.0261783988280781","-0.0179520044690594","0.130886417941328","-0.00195766027511706","-0.201882214689232","1","","","","","","","","","","","","","","","","","","","","","","","","","","",""
"SI...pi._accel_2","-0.0162223385439929","-0.00560324390034102","0.00114026631131016","-0.029349885612954","-0.0988122277808744","-0.0412237428459114","0.227289516314544","-0.0377014513076421","-0.0724257345916804","-0.154102231695719","0.0456208590983069","0.0289043176654053","0.0584865089360272","-0.0324215375004612","0.783824532973231","-0.249125423773759","-0.0807192833836726","-0.0358433021517795","-0.0602422528488303","0.0267520897275835","-0.0158530618919405","0.024434693663784","-0.032217594210703","-0.0839036065850551","0.0179499562984008","-0.0198772831185894","-0.186117748373011","-0.0337395481974487","0.281503445764774","-0.00591841819912123","-0.00610012225453564","-0.014610627003562","-0.046133742758568","-0.00589282877549872","0.0395025350940828","-0.0396549918706127","-0.0417825335378543","0.126271939000496","-0.657816361515396","-0.0499952229130943","1","","","","","","","","","","","","","","","","","","","","","","","","","",""
"FA.X..pi._accel_2","0.0158826506291663","-0.0308490552874065","-0.0336541421119425","0.0187564949028742","0.034219475370483","-0.0632832650306084","-0.0073472652076388","-0.0267598164267884","0.0569679585755456","-0.00105634406782883","-0.0174119411238649","0.00391817714031739","-0.0203229562651342","0.0220464813740002","0.0264217910367216","0.0114491343806694","0.0150543872245219","0.0344963123302476","0.110778229402041","-0.0229081927536998","-0.00562185729006965","-0.00307537084877421","0.049414015888857","0.0241612771537262","0.0568090907557882","0.0665009086629888","0.0167641465655264","-0.0357012411438223","0.0168376518421963","0.238206712133184","0.106952733098614","0.140942533364906","0.0045187332255461","0.013787768205102","0.0357621074426021","-0.0131871286070596","0.00423155185502207","-0.000701793908250576","-0.00943948147862592","-0.0364753712189826","0.0309521687957854","1","","","","","","","","","","","","","","","","","","","","","","","","",""
"FC.X..pi._accel_2","-0.00448392799861271","0.0072071357095507","0.00509970099256477","0.00694641402914932","-0.0180736000088577","-0.0179554418180124","0.00336317902375222","-0.00429704953978124","-0.00536992313856678","-0.0271793776294963","0.0132377961626682","0.0014163565803083","0.0146830987070845","0.00143575256388647","0.0718241854052644","-0.097594301248215","-0.00779051528996434","-0.00836198873091765","0.0489670294322291","-0.027767070181745","0.0204436527905961","0.0497399609436191","-0.0180070012753295","-0.0214082328335315","0.0015852767688431","-0.0410102319318274","0.00512850150629856","0.0227348973166339","-0.0122141410503998","0.0951960109338778","0.587312996083581","0.0567802555566651","0.0105763090951028","0.0200835445088841","0.0464433440901414","-0.00592115525886931","0.00579171932341976","0.0163849819860834","-0.0299946197153346","0.163138317706097","0.00873735861276886","0.147295810579819","1","","","","","","","","","","","","","","","","","","","","","","","",""
"SI.X..pi._accel_2","-0.0135608262815261","-0.0111757792071065","-0.0104831260717159","-0.0204472331134497","0.0123347641905617","0.0394930037965873","-0.0021448370135999","0.0550616223514983","0.00705985055935162","0.0325170836138183","-0.0245831880598422","-0.0194119604809591","-0.0268278699510963","-0.0284041167585602","-0.117936142280908","0.0335500047350545","0.0199491741024338","-0.0183535757537087","0.0370324430925546","0.00716910360448248","0.00923509668612765","-0.00508704121168207","-0.0168959708129862","0.00245448543120606","0.0257711266537246","-0.0351406295911031","-0.01093303797532","0.0100929667772929","-0.00954727966214316","0.245195437073505","0.0503686114470514","0.284898540486868","0.0118712797008389","-0.0104289401491145","-0.0241899971909502","0.0282486319165504","0.00632718706594067","-0.0130125174759994","0.13466667317847","-0.00136146423905692","-0.147956498228655","0.0984472416126551","0.0323832909408482","1","","","","","","","","","","","","","","","","","","","","","","",""
"FA.Z..pi._accel_2","-0.0244002211856117","-0.0303165513374423","-0.0291713860090124","-0.0169613824550893","0.0413269303145428","0.00565991719977206","0.0689891540144851","-0.00351188171891506","0.0113322901138401","0.00431369370562886","0.0249058619293346","0.0130433208753974","0.0195279425161025","-0.00865493476674421","-0.149465236984491","0.0349206392724491","0.0100593564390625","0.0243419839307752","0.0474345454035206","0.00195767222838189","0.0525318815278163","-0.0500776720212563","0.0203174978207273","0.00537893422660253","0.0211388181237737","0.053855023960836","-0.0747166750047167","-0.016573196797764","0.0899087772820388","-0.0245460260841334","-0.0139904386370811","-0.0255530708517976","0.0665353731536078","0.00489915230820064","0.00262738974568766","0.000569390784488215","-0.0179937263626995","0.000995946520618448","0.217240815429002","0.00913351764323932","-0.144177779653054","0.0444818427866769","-0.019564656787744","-0.0072582950202487","1","","","","","","","","","","","","","","","","","","","","","",""
"FC.Z..pi._accel_2","-0.0491943425847674","0.0838888028659959","0.0813269410906726","-0.0346862865807414","-0.0724667627308328","0.00880304504190919","-0.00605702872896568","6.60071134113612e-05","-0.0281460487435114","-0.0266667153452841","0.0834989243728482","0.0400070053788487","0.0837645895851484","-0.0299933723865394","0.123808427356853","-0.0959924579832062","0.0129646706597526","-0.0159427757200718","0.0685980419164736","-0.00395144192305475","0.00977177043853253","0.0653987526574096","-0.0170745639003712","-0.021349583721479","-0.025736362960161","-0.0118218102256812","0.0177710232037728","0.0358391221332153","-0.0321336462062302","-0.0111780163961297","-0.00638486899726117","-0.0215642506613566","0.0943874289390021","0.468276029162868","0.0629705536029478","-0.00357532532816991","-0.0737593193775008","0.00858748768506224","-0.0681611319363155","0.279235911217531","-0.00780040567400547","0.0240321159783499","0.0226584470723526","-0.0229344737171754","0.03434783934406","1","","","","","","","","","","","","","","","","","","","","",""
"SI.Z..pi._accel_2","-0.117868772018731","-0.00439098934953015","-0.0100378880306681","-0.00793004324719102","-0.0632239625380397","-0.0145617919922673","-0.0499886485887578","-0.018843523034209","0.0300383318882161","0.0345846952244878","0.0924818382364278","0.0714664527523545","0.0905828112900877","-0.0119257732947677","0.267355709352032","-0.012102540486796","-0.00429260742550149","-0.00418921051083348","0.00869013454061814","0.0351186401050071","0.0733246581800249","-0.0445112623843649","0.0748610869844067","-0.0413752819104759","0.023914443721979","0.0138209559148376","0.0676350620163512","-0.0161502225852747","-0.0452953453954502","-0.0374640436050418","-0.0287754274523091","-0.0697453260125616","0.0869999492819155","0.0308608984688676","0.244398311968917","0.00338777309400444","0.00282842773838046","-0.00215767488851077","-0.276509775921442","0.0615411779894735","0.272080709223875","0.0623007594665344","0.00976771282958945","-0.224877391909947","0.119032031396814","0.0908475800495268","1","","","","","","","","","","","","","","","","","","","",""
"win_rec","0.000423818851170615","0.147218552422275","0.163832766145879","0.165106246742936","-0.123637458096592","-0.00526876515033753","0.00214912374571547","9.38261321979037e-05","-0.24366244861478","0.0244446913500092","0.140118605759852","0.15530621985017","0.152347121866835","-0.00108113301310006","-0.0220772350175598","-0.00604863403291489","0.133323656858544","-0.0283704026293446","-0.0371118790395827","0.0154464298675303","0.0757722312396157","0.0335329744028494","-0.119523870959533","-0.103639199545884","-0.0489492019298733","-0.0203255773261163","0.0102737211840872","-0.00072923871345171","0.0029509333766289","0.0209969126561804","0.0407436334836443","0.00404605865004501","-0.0056138018575499","-0.00117146999608321","-0.0363781270922646","0.205223820681394","0.0885885777456192","0.143793943700555","0.0355985274062355","0.0109321546705605","-0.0184334373731249","0.0116101892869224","0.025983319497595","0.0198322034313034","-0.0293680268442941","-0.0053914186265769","-0.0159309738664864","1","","","","","","","","","","","","","","","","","","",""
"wFA..pi._accel_2","-0.0346308449930662","0.000844866059903316","0.0142043594284529","0.100567547596631","-0.20417035286451","-0.0225276321092541","0.00173816500962788","-0.0279405152585269","-0.148375989404207","0.0592817598587402","0.0698046980156843","0.153882118693012","0.104553758763561","-0.0409801334255011","0.00520067743516302","-0.107929329372973","0.0477659599478667","-0.0262656841837087","0.0455962419246541","-0.0459541340392538","0.095649841961153","-0.00768182001806463","-0.0640329104931622","-0.138349637220641","-0.0144579262799775","-0.0421418720196405","0.0100142099561834","-0.00451637410444164","0.00515479852240762","-0.000855019460887286","0.018238839579342","0.0261783027608809","-0.00765849474054736","0.0123113636054709","-0.00436270376490487","0.616522498289428","-0.0239401339246631","0.00530464531709856","0.0630505555340445","0.0191817941731728","-0.00806372129873941","-0.0287517403524382","0.00662861314564691","-0.0203104454326889","0.00149870534247879","0.0319118933924364","0.0130461285332573","0.122418993254276","1","","","","","","","","","","","","","","","","","",""
"wSI..pi._accel_2","-0.045168511568728","-0.0155133133537561","0.00615400469790026","0.103814109629425","-0.196052424805518","0.00985569278741707","-0.00665615204057507","-0.00506544230713973","-0.15415186471523","0.0248437478241118","0.0788112309720794","0.161703887576554","0.123273391181591","-0.022729830188639","0.104862086592462","-0.119947284845674","0.101545300503689","-0.0334482024222806","-0.015766722907134","0.0330681963595856","0.0180427200530369","0.0604130270937643","-0.0657613213285765","-0.11015028445807","-0.0112473720705442","-0.0283657658130213","0.0391376573654958","0.0229393458059411","-0.0237189397222163","-0.0188732606931103","0.0432159096475543","-0.00494817630660707","0.00387197405229437","0.0365927085081194","-0.0289548325548761","0.0360920776370246","-0.0107917108764777","0.700255215749667","-0.0288358164717301","0.0165637128853547","0.125808959349566","-2.23232855827015e-05","0.0256811465083014","-0.00583301290503576","-0.0296352785083882","0.0323466674626676","-0.0167759766542563","0.0953123953222898","0.00665009228079859","1","","","","","","","","","","","","","","","","",""
"wFC..pi._accel_2","0.0166583698826894","0.0107604309964545","0.0249826801904249","0.061629997408017","-0.0955659984474651","-0.0308853675936964","0.0537271530222181","-0.00351184003690734","-0.101949803885977","-0.00861121215182072","0.028289153143523","0.0862405461350228","0.0489856511989377","-0.00933454698004588","0.0577891508484061","-0.0842296397724581","0.0331302379992388","-0.0121611068861537","0.0224759445497526","-0.0404899144199649","-0.00855810692971767","0.0372028725129677","-0.0370169648418079","-0.0346617453427125","0.0136724355744722","-0.00110315584449132","-0.018856704098856","0.0545007505886463","0.0224981259389034","-0.010779973000758","0.0401792899562668","-0.00620766094730752","0.00841803120816947","-0.0202864558806413","0.0227348614582692","0.0192127954078789","0.654424219383158","0.0178035939942621","-0.0157778305653506","0.15554581888616","-0.0279541374364081","0.0208163279603651","0.0312949157919682","0.0148155531867757","0.0263354458998851","-0.044945872958832","0.0455070932529931","0.0424789501395318","-0.0101182002686258","-0.00456803191635559","1","","","","","","","","","","","","","","","",""
"vFA..pi.","-0.109412124479668","0.110663054442261","0.104047660230039","-0.059359982283481","-0.0461311080315944","0.0140970523858813","-0.449064951907148","0.0157273252202218","0.04716406259659","0.0577137437360669","0.040761239270327","0.0464258306914188","0.0398125339920342","-0.0310753795694661","-0.0250473401503289","0.0361934028019291","0.0215010624811967","-0.025434564506391","0.0200170182417217","-0.00553007983653239","0.000346506045261176","0.0386878685252365","0.0744250570064805","-0.0131861116041853","0.0601144722007674","0.0595062364072038","0.474023269868463","-0.303055782744607","-0.295536284754577","-0.10780107585373","-0.031022151349709","-0.0722709924360688","0.848506856587616","-0.0704933337129635","0.0547940779892037","0.0364976014923097","-0.116643864707444","-0.0427130759075037","-0.0498517826154086","0.0376896743685138","-0.0377379144435049","-0.00356459504402441","0.00404943542353412","-0.0225172769904909","0.0308127777094971","0.0735221251792288","0.053234079018656","-0.00811135661229949","0.000489707265579324","-0.00731698227071468","0.0217900152065757","1","","","","","","","","","","","","","","",""
"vFC..pi.","0.0668672681328747","0.203989431456074","0.205210682596722","-0.0769395875890839","0.00167533297260187","0.00826826429035659","0.351403990026046","0.0160674713254562","-0.0744238747151627","-0.070922363441631","-0.00599582766405007","-0.0105424278495711","-0.0028538212361796","-0.0344731089477819","0.132519232154418","-0.18940586561667","-0.0176580781521371","-0.0375811696697768","0.0296277186866353","-0.00241475044779716","-0.0190637760629947","0.0757092918838951","-0.100875734123373","0.000334533996939611","-0.121966632400577","-0.0393777262136635","-0.157538385250557","0.652844353126093","-0.061791694171591","0.0326571173799968","0.372828579196977","-0.0339460180178667","0.0336883482657519","0.911940358883643","0.137974906402732","0.00744934939862605","0.136163010251735","0.00495524155718487","-0.0281834117623703","0.223504962700498","-0.00209256367592516","0.0334080756847476","0.0897448732641977","0.00221412643152273","-0.0219207047691864","0.378833235658136","0.010045501355839","0.0203833020200638","0.0108025691358048","0.0400860548734499","0.0136094528302504","-0.0245120616607174","1","","","","","","","","","","","","","",""
"vSI..pi.","0.0666234994805434","0.187367126957994","0.195699697487733","-0.0743122646832847","-0.00286808989368043","-0.0439353551146243","0.475390797043397","-0.0254031733754066","-0.17301940506187","-0.274890694208838","-0.00801548741947584","-0.00442409951791499","-0.00920266677168403","0.00288184260239447","0.145391794006331","-0.0896262539542757","-0.0439951425894692","0.0187519808640453","-0.0200975956994887","-0.00517590108445426","-0.0130836490930572","0.0275830373581366","-0.115126439683305","-0.0281158696065195","-0.0768626331763771","-0.0213431718959976","-0.513960022609348","-0.0335188029111906","0.5626636233942","0.0552980928328355","0.0378876901728151","-0.17778957145486","-0.110651082505143","0.042643840923025","0.814274969816887","-0.105299843382102","-0.00901061366171944","-0.0213599732217521","-0.106014343142869","-0.000965632203668138","0.0622464445008612","0.0362789351130263","0.0234644232791357","-0.0592175577375599","0.0191256595301259","0.0126269908430723","0.149414605460187","-0.00915652566883343","0.0137634664972036","-0.0244552785052504","0.0349726692966432","-0.0437970277434872","0.0884192990289528","1","","","","","","","","","","","","",""
"vFC..pi._accel_2","-0.0625383321096945","0.0666573085888581","0.0667410136692872","-0.0398158812768132","-0.0773649520528619","0.0251385894738865","0.0209921322454881","0.0150583274302155","-0.0500420067120629","-0.0425491710798147","0.084698324213844","0.0541124239768873","0.0864036568623762","0.00843478563716592","0.177793011188542","-0.170818716631446","0.0371842306089527","0.00754494776536543","0.0440390547988722","-0.0352328516879409","0.0439901248339974","0.0697816343814251","-0.0212127382920414","-0.0352587107210969","-0.00316181902936477","-0.0197497024350409","0.000369428105454614","0.0490981962188603","-0.0108106171217766","-0.0187977376965286","0.087881047799826","-0.0307075863864963","0.0563635270819489","0.386130985237874","0.056215448328351","0.00840700647725077","-0.0486669029742036","0.0250589205310572","-0.0754447197310256","0.381792271800934","-0.0125522716630071","0.058615052161765","0.193152725859295","-0.00123655594034491","0.00252040911984474","0.847759688566056","0.0583396178023297","0.0282620601805656","0.0562308806997542","0.0331946428431903","-0.0151301195707686","0.0602445324319214","0.434031333278208","0.0382374906464852","1","","","","","","","","","","","",""
"vFA..pi._accel_2","-0.0101190258744288","-0.0395460784972366","-0.035837691137343","-0.00638190352775604","0.0112705222206419","-0.0103338869116752","0.09144185426523","-0.0194294360170433","-0.0230293228639927","-0.0259379529016012","0.025848497964866","0.0338294013319217","0.024546379911398","-0.0286276764200741","-0.197240171725993","0.033775313937187","0.0244059465040948","-0.00379552480200366","0.0461987767958496","-0.0507709002852526","0.0210812715516888","-0.0302955490830694","-0.0143548207591191","-0.0306545450377731","0.0104002616458893","0.0331177075385462","-0.0978197726614991","-0.0106461039907863","0.11118886869389","0.0529285125478155","0.0428226430889675","0.0368159407471897","-0.0239201024343508","-0.0155817535062685","-0.0370647695072495","-0.0285713557988578","-0.0208230587528564","0.0146831059150331","0.27663090137174","0.00778365022279341","-0.174921622599515","0.00989560563316256","0.00804706946459956","0.0373636377234524","0.829470359777619","-0.0179808382756513","-0.0341722364883483","-0.0176534959409899","-0.00582925251758139","-0.0170846904221448","0.0310175484691073","0.0357501878018947","-0.0205855044548981","0.0285569418591783","-0.0207753459682331","1","","","","","","","","","","",""
"vSI..pi._accel_2","-0.104564484464889","-0.0126664942839423","-0.0165088793124246","0.00194175458450884","-0.09961581584239","-0.0486042858965269","-0.0826368174800303","-0.0391201128884403","0.0307788254222662","0.0227011837944069","0.114000602566582","0.108318040932571","0.115054852739642","-0.00800881324615471","0.285225715798531","-0.00844521752387098","-0.000401445936579108","-0.0103933774223092","-0.0108061786144228","0.00109419510504709","0.0657111974041551","-0.0384748218186785","0.0668063504170922","-0.0745760929870599","0.0376374008803991","0.0125086463008895","0.0953138075492153","-0.0486738487012679","-0.0593858949177259","-0.011178337192888","-0.0168496311878456","-0.0405897663364485","0.0479135539973617","-0.00702559021354586","0.16620551304483","-0.00893871635360034","-0.0100398766140155","-0.00242080967858473","-0.295319152593408","0.0068924323416435","0.326945672955065","0.0872134378256936","0.015311649441043","-0.333751188981185","0.00161228549810714","0.0450662792341958","0.842737748406801","-0.0241006905128198","0.0193096966609918","0.00750135220268298","0.0251418457872871","0.0784248134961116","-0.0121774299509406","0.164853783270699","0.0430871948015441","-0.0172191292793276","1","","","","","","","","","",""
"SL...pi.","0.0146759890673894","-0.153716885158846","-0.150124061069378","0.121855376913445","-0.0302158510724504","0.0159783530604283","-0.24015823427212","0.00620289008333382","0.0128872297429785","0.0373400688699666","0.00596671653300898","0.0420694386042877","0.00811939519504516","-0.0139580909945358","-0.104574529814275","0.199735295787418","0.0589146941996026","0.00928664282640065","0.014336466197106","0.0308640062004622","-0.0044715318687321","-0.0326999500414923","0.0426000496173251","-0.0212555752362596","0.0809643019796785","0.00127836899891249","-0.0130313192267621","-0.351989009583781","-0.0241654475157359","-0.0371111016322063","-0.18952631432394","-0.0305331698649667","-0.0890315121783682","-0.387701772671626","-0.0750250014619351","-0.0726609865746604","-0.063099416606372","-0.0140764227278745","-0.00711817406218326","-0.10155996287104","-0.0623874977388556","-0.0267238182784823","-0.0208074628710185","8.04277251941415e-05","0.0267169497515063","-0.0662231806272539","-0.011404001832456","0.00267499569451587","-0.00315969958149991","0.02051862653831","-0.000114608516032922","-0.00619008917898485","-0.408780408305222","0.0281555871786849","-0.0588942009053214","0.0286318129039971","0.00957673456878312","1","","","","","","","","",""
"SL...pi._accel_2","-0.0533417684862761","-0.0284900987529746","-0.0323198281395165","0.0253171642703447","-0.0374409684187915","-0.0115205486967741","-0.17577946707032","-0.0194012017532932","0.0637248454175993","0.0924773809629012","0.0128526966001791","0.0899310618062435","0.0106159492662215","-0.0026593888958552","-0.223371618805267","0.551466874298094","0.15238356528885","-0.00125986714104164","0.0302963632957412","0.0372148311899564","-0.0236001076579938","-0.0160298520381872","0.067079329823144","-0.0152931457973428","0.0259111160467427","0.0167556910895978","0.0602251612394001","-0.132975829759462","-0.105567097473473","0.0205784719879794","-0.0798789190302748","0.0551618605723363","0.056933772847701","-0.113926640726756","-0.0178778784008592","-0.00855673205548604","-0.0287831376646587","-0.029411554373352","-0.0835822345680876","-0.179929940622106","-0.159570005088066","0.0246230267551042","-0.0660812529905105","0.0184871160822035","0.000660801702206173","-0.0615089578453958","0.0323088097678702","0.00847263040167155","-0.0241088075143965","-0.0176094374728839","0.0049640429539136","0.0543346142322601","-0.139781799571047","-0.0307866204567058","-0.100981779435991","0.0210707537825331","0.0425900957694771","0.343946983960713","1","","","","","","","",""
"SL.X..pi.","-0.026011230629974","0.0356063881056955","0.0347941259025752","0.0267099542288475","0.00218488733640381","0.0217465220206255","-0.0149415296339738","0.0234531900875187","-0.00933162841958683","-0.00535716120489087","0.021192099037797","0.00550413320025847","0.019718385432466","-0.0435885466431516","-0.00803634026290438","0.0110995644024088","-0.00520254889715638","-0.0216183325094545","0.124379211124737","0.0304322361585393","-0.00916281943627277","0.0339738545998391","-0.000751835504718041","0.00973046860897162","0.0300775403360637","-0.00441274658183539","-0.00595230758043633","0.0101437682331816","-0.0240929411738813","-0.451212936879484","0.0881123897473716","-0.500606087264519","-0.00930198267978296","0.00973110451047418","-0.0260076522812837","-0.0732148955375524","0.0751997388071754","-0.0250632576717167","-0.00489634389997824","-0.00109758369394646","-0.0151236358640999","-0.0385502913222742","0.0316382830328326","-0.108808947961892","0.0214366482151132","0.0403811355906196","0.0207851442001389","-0.0329942296210575","-0.0143098350659914","0.000671961922466469","0.0267843386578378","0.0374362330658635","0.0202737351214019","0.0311473083154318","0.0589348160005164","0.00577131245158768","0.0188925813137015","0.172036664422613","0.027629461886018","1","","","","","","",""
"SL.X..pi._accel_2","-0.0422627985377883","0.024643191687781","0.0199665739151593","0.00787480210321832","-0.00278045597999374","-0.0151481684636861","0.0114992910852946","-0.00628657450877343","0.037255347215563","0.0290454557361115","0.00721983609693168","0.0133483029098278","0.0044498886135491","-0.00590669667723165","-0.0115143454348111","0.00435461178889579","-0.0326554280769743","0.00010967051967397","0.321947323030074","-0.00331208781406104","-0.0251569105174002","0.00443912397991548","0.0062216650122638","0.00921262888465803","0.03331887710882","-0.00479844000189343","0.00128588388539058","0.0929468567310553","-0.0524865797606766","-0.0394395068682428","0.0832234351605454","-0.0708133890269693","0.0169327975487151","0.0934466992299077","0.0387234841397682","-0.0112952232265891","0.00676146312482833","0.005489057149193","-0.00415949271448447","0.00713791876615099","-0.0335418573466525","0.0882526689801678","0.00470416652996233","0.00802788996118724","-0.0012241204398903","0.0527041929495891","0.0359965055916641","-0.0467731099636951","-0.0173786795850498","0.0218533810614099","-0.0125505312293989","0.00564739727001147","0.0994085377133779","0.0143692872636503","0.0449040947598146","-0.00109072336918373","0.0426375976297486","-0.0660306615416579","0.0801948569182657","0.340252649840426","1","","","","","",""
"SL.Z..pi.","0.0764675583614985","0.0152585381391134","0.00971101570872871","-0.0620951188856964","-0.0018520740527009","0.070080342473409","-0.160824879562049","0.0566745706941673","0.0105107098882717","0.00734206791537556","-0.00999670677811942","-0.0074714743960887","-0.016469922756358","-0.0709218362641859","-0.0366634364680387","0.0574881754438067","-0.0309158374732369","-0.0534703873494482","-0.032600481750871","0.17913351295764","-0.050486642309817","-0.0629864222011186","-0.0188859194866235","0.0223027862837983","-0.112552048072096","-0.0434559786858258","0.0717160739686887","-0.207300252429949","-0.0362135063167023","-0.0746900046273737","-0.124563260666773","-0.0322464983074005","0.100220619488825","-0.136405997183549","0.0358946491602576","-0.00458171956643871","-0.112943456794583","-0.0106117244725183","-0.00527118878875943","-0.0791857559835391","0.00999753190815873","-0.0187014253893826","0.0175598300391281","0.022860208885971","-0.0247026189116089","0.0265623153995349","0.0330137111788809","0.00901769060703074","-0.0217733909234363","0.0271685082625695","-0.0446010100061265","0.03224221691508","-0.215660857412445","-0.0444094824832722","-0.0199173408665221","-0.0393301854595584","-0.0022466239371863","0.143696748539525","0.0342756035995873","-0.0438475626158409","-0.0647385268439584","1","","","","",""
"SL.Z..pi._accel_2","-0.017762559784876","0.0163389879136523","0.0146691805776127","-0.0535966089044106","0.0870112953135384","0.0578177689435729","-0.0823701556356461","0.04351523916679","0.0160919820183415","-0.0153861349365515","0.00953711774016814","0.00310671029859815","0.00367429772316701","-0.0579648979818432","-0.0725175631937066","0.124385095927839","-0.00807802798105383","-0.0524274863471599","-0.0238752458849211","0.309020659482002","-0.00880759782602468","-0.0511053504056323","-0.000632339208658183","0.0202673856852192","-0.0345820000888344","-0.0402426044062896","0.0271315564177621","-0.0827185781471311","-0.0350828044067182","-0.0728976888943851","-0.0617108987899031","-0.0721290164304121","0.0224116107265521","-0.0471314001065154","0.00276640625172097","-0.0102263970708945","-0.072608848312342","-0.00233405766852418","-0.00145694711568418","-0.0753407946684633","-0.00323716097099543","-0.0790591681183714","-0.00423725966342651","0.00763062052756789","0.00977638190551566","-0.015025722809803","0.0401466674727271","-0.017049038735821","-0.0228446711431764","0.0169288142420528","-0.0442097339413202","0.00178683969469885","-0.0923772444284983","-0.0318108833476254","-0.0524785429476501","-0.029479154239478","-0.00586857716892662","0.0395320417797836","0.0840192789954994","0.0069716559696856","-0.0969681852529918","0.527007435029928","1","","","",""
"vSL..pi.","-0.0516613710962649","-0.0349107996362706","-0.0346434270963645","0.0606404609758229","-0.00332753680453121","0.0190345531726914","-0.150869707096386","0.0310190825354507","0.0129866317653713","-0.00649265283226943","0.0517595514569484","0.0579936991960702","0.0494246332334427","-0.0572479256844144","-0.0612836796032149","0.0878769693188854","0.0141588252581414","-0.0273731383699303","0.0362119871053406","0.0744372572049946","0.00346064300176756","-0.0376477079528572","0.0316533708475897","-0.00370552377181763","0.0331967165123765","0.00747926756164278","0.0167588787014453","-0.304237795566865","0.043413089250299","-0.0450766648355194","-0.15185600308158","-0.0544980724091249","-0.0200457062983564","-0.298802709845856","0.0405194641149905","-0.0584128131039024","-0.0472449770285689","0.0101025496768333","0.0160205542431031","-0.054131646516357","-0.049077793125577","-0.0117831847436917","-0.00558201796809951","0.00547103517644853","0.0117929762862734","-0.00689104003385303","0.00272539021005785","-0.0112874994382262","-0.031268808599524","0.0163660467252167","0.0150958795454159","0.0303104041393648","-0.325573439468809","0.0957478078648306","-0.000477490552759321","0.00849089448776535","0.0132346164458291","0.654390888393884","0.130596341105577","0.253560655043027","-0.00559964979495636","0.304310227775782","0.113310012200707","1","","",""
"vSL..pi._accel_2","-0.0748450938754741","0.0293352973369007","0.0262325993861829","0.00945374195594998","0.023987201509134","0.0127519674578239","-0.00975578080560985","0.0301197958504238","0.0297305436783588","0.0197603732986338","0.0693433332647624","0.0745470722339409","0.0675494813930219","-0.019925237037819","-0.0565711757142615","0.121508578405902","-0.0165377551207387","-0.00476294403296492","0.106069717769011","0.0795702399956461","0.0195960809842009","0.0127210956991705","0.0177523554546531","-0.0087523659375869","0.0371467374658472","0.0148316585881775","0.0314231969752806","0.0339234543796982","-0.0349770676181626","0.0631445286003307","0.0573651944301268","0.0534074917976157","0.0351395254047698","0.0594917775538778","0.0203181610221307","0.00133213940485216","-0.0161406251933137","0.0428631908247053","0.0265831778597145","-0.0381376901553682","-0.0230398185594542","0.0506486302648496","-0.00380679204866911","0.0695372264318361","0.0525586441254321","-0.0122195339774569","0.0550730760372299","0.0154855544994926","-0.0193272158878149","0.0514139994407937","-0.00492097420503131","0.0141088430266123","0.043728141576798","-0.00565543853960827","-0.0345839714394855","0.0713273679098835","0.0465480685000655","-0.118567115049421","0.262140503216658","0.0364189226702796","0.289941728025274","0.0759704184459817","0.225022389539807","0.164188483796188","1","",""
"wSL..pi.","-0.010240826618939","0.199675748073166","0.226624934885286","0.107994983494456","-0.104565104783083","0.000604665416517872","-0.0832349612607462","0.00275612020863679","-0.239247896266552","0.0104207175105536","0.109787903718831","0.0783459747761235","0.123423765445551","0.0313838792848939","-0.0582550156397105","0.133201443881177","0.427293061953893","0.039022534121007","0.0233539590863493","0.0166540075636155","0.149668143079701","0.0188124050894024","-0.106819731897069","-0.0752414179212554","0.0222174431474255","-0.00241169807977606","-0.0331779855605263","-0.0830040880131385","-0.0358621080336339","-0.0226903861963794","-0.0341228624687015","-0.031038088631041","-0.0226600457846064","-0.10366370580582","-0.0480250082215972","0.0858360409000766","0.0590856166131554","0.0314003167896029","-0.0299255735552172","-0.0356651707386265","-0.043208539280266","0.0127480560972657","-0.00992725895302771","-0.00961733110443935","0.0154614888958842","-0.0343574832525636","0.00834374827474114","0.131869174383268","0.0548976939576934","0.0523777648779972","0.00422338944822552","0.0203553377104906","-0.0822278907082608","0.00862541405110235","-0.0152107961893691","0.0241233806734473","0.0139033531869596","0.369001005984184","0.20023933682968","0.0765706620158798","-0.04757968960628","-0.00439555606187337","0.0155176885325251","0.169682781591064","-0.077224187999267","1",""
"wSL..pi._accel_2","-0.0656441255176808","0.110943628575777","0.127865377417563","0.0974922774818468","-0.183288501016124","-0.0134499752803925","-0.0253386419283713","-0.0145639247451345","-0.156047385796344","0.0182253710375791","0.202623901249542","0.182098628938843","0.224164874696603","0.0127949760399546","-0.0680772667017472","0.17751405713457","0.660526043171156","0.00741681205973283","0.0184421691783358","0.00863970519242342","0.181204199264901","-0.0253391810821111","-0.0749114386296646","-0.105297892036367","-0.0173236913800398","-0.00927030861281053","0.00126256446042774","-0.0126012929244502","-0.0198472347566617","-0.0127599701241547","-0.00857939859258497","-0.00333718661138269","0.00823601891032314","-0.0320872411938735","-0.0312229780059316","0.0930101189778918","0.0414828166412657","0.0467777708221032","-0.0468147517374689","-0.0226015826323791","-0.0495815252542085","0.010833228547895","-0.0297644800045163","-0.00739264804865344","0.0125286328966363","-0.0264728824814253","0.0315666642074414","0.0943355678377047","0.0769717714890056","0.0662072168477874","0.0135991427034059","0.0194266263142761","-0.0245412040511543","-0.01999047513537","-0.0255676198383759","0.0185199908987541","0.036333011777961","0.0674663539161096","0.271603998958674","0.0038619126824601","-0.0139885114908853","-0.0175543875721752","0.0346547926639119","0.00795273109675094","0.00237439518003415","0.640011190473647","1"
